Workbook

Sheet 学习总览
A1: 数字逻辑 + HDLBits 学习进度总览
A2: 状态只需在「学习TODO」中修改，本页统计会自动更新。
A4: 总任务数 | B4: 已完成 | C4: 进行中 | D4: 未开始 | E4: 总完成率 | F4: 最高优先级完成率 | G4: 高优先级完成率 | H4: 核心章节完成率(2-6章)
A5: =COUNTA(学习TODO!$A$6:$A$73) -> 68 | B5: =COUNTIF(学习TODO!$J$6:$J$73,"已完成") -> 5 | C5: =COUNTIF(学习TODO!$J$6:$J$73,"进行中") -> 0 | D5: =COUNTIF(学习TODO!$J$6:$J$73,"未开始") -> 63 | E5: =IF(A5=0,0,B5/A5) -> 0.073529412 | F5: =IF(COUNTIF(学习TODO!$H$6:$H$73,"最高")=0,0,COUNTIFS(学习TODO!$H$6:$H$73,"最高",学习TODO!$J$6:$J$73,"已完成")/COUNTIF(学习TODO!$H$6:$H$73,"最高")) -> 0.047619048 | G5: =IF(COUNTIF(学习TODO!$H$6:$H$73,"高")=0,0,COUNTIFS(学习TODO!$H$6:$H$73,"高",学习TODO!$J$6:$J$73,"已完成")/COUNTIF(学习TODO!$H$6:$H$73,"高")) -> 0.17391304 | H5: =IF(SUM(B9:B13)=0,0,SUM(C9:C13)/SUM(B9:B13)) -> 0.089285714
A8: 章节 | B8: 任务数 | C8: 已完成 | D8: 完成率 | F8: 学习阶段 | G8: 建议顺序 | H8: 说明
A9: 第2章 | B9: =COUNTIF(学习TODO!$B$6:$B$73,A9) -> 14 | C9: =COUNTIFS(学习TODO!$B$6:$B$73,A9,学习TODO!$J$6:$J$73,"已完成") -> 5 | D9: =IF(B9=0,0,C9/B9) -> 0.35714286 | F9: 阶段1 | G9: 第2章 2.1–2.10 | H9: 逻辑门、布尔代数、Verilog 基础
A10: 第3章 | B10: =COUNTIF(学习TODO!$B$6:$B$73,A10) -> 7 | C10: =COUNTIFS(学习TODO!$B$6:$B$73,A10,学习TODO!$J$6:$J$73,"已完成") -> 0 | D10: =IF(B10=0,0,C10/B10) -> 0 | F10: 阶段2 | G10: 第2章 2.11–2.15 | H10: K-map、SOP/POS、多输出
A11: 第4章 | B11: =COUNTIF(学习TODO!$B$6:$B$73,A11) -> 8 | C11: =COUNTIFS(学习TODO!$B$6:$B$73,A11,学习TODO!$J$6:$J$73,"已完成") -> 0 | D11: =IF(B11=0,0,C11/B11) -> 0 | F11: 阶段3 | G11: 第3章 | H11: 算术电路
A12: 第5章 | B12: =COUNTIF(学习TODO!$B$6:$B$73,A12) -> 16 | C12: =COUNTIFS(学习TODO!$B$6:$B$73,A12,学习TODO!$J$6:$J$73,"已完成") -> 0 | D12: =IF(B12=0,0,C12/B12) -> 0 | F12: 阶段4 | G12: 第4章 | H12: MUX / 编码译码 / case / latch
A13: 第6章 | B13: =COUNTIF(学习TODO!$B$6:$B$73,A13) -> 11 | C13: =COUNTIFS(学习TODO!$B$6:$B$73,A13,学习TODO!$J$6:$J$73,"已完成") -> 0 | D13: =IF(B13=0,0,C13/B13) -> 0 | F13: 阶段5 | G13: 第5章 | H13: 触发器、寄存器、计数器、移位
A14: 第7章 | B14: =COUNTIF(学习TODO!$B$6:$B$73,A14) -> 8 | C14: =COUNTIFS(学习TODO!$B$6:$B$73,A14,学习TODO!$J$6:$J$73,"已完成") -> 0 | D14: =IF(B14=0,0,C14/B14) -> 0 | F14: 阶段6 | G14: 第6章 | H14: FSM 主战场
A15: 第8章 | B15: =COUNTIF(学习TODO!$B$6:$B$73,A15) -> 1 | C15: =COUNTIFS(学习TODO!$B$6:$B$73,A15,学习TODO!$J$6:$J$73,"已完成") -> 0 | D15: =IF(B15=0,0,C15/B15) -> 0 | F15: 阶段7 | G15: 第7章 | H15: 大型电路与系统化设计
A16: 第9章 | B16: =COUNTIF(学习TODO!$B$6:$B$73,A16) -> 1 | C16: =COUNTIFS(学习TODO!$B$6:$B$73,A16,学习TODO!$J$6:$J$73,"已完成") -> 0 | D16: =IF(B16=0,0,C16/B16) -> 0 | F16: 阶段8 | G16: 第8–11章 | H16: 工程与扩展知识，后补
A17: 第10章 | B17: =COUNTIF(学习TODO!$B$6:$B$73,A17) -> 1 | C17: =COUNTIFS(学习TODO!$B$6:$B$73,A17,学习TODO!$J$6:$J$73,"已完成") -> 0 | D17: =IF(B17=0,0,C17/B17) -> 0
A18: 第11章 | B18: =COUNTIF(学习TODO!$B$6:$B$73,A18) -> 1 | C18: =COUNTIFS(学习TODO!$B$6:$B$73,A18,学习TODO!$J$6:$J$73,"已完成") -> 0 | D18: =IF(B18=0,0,C18/B18) -> 0

Sheet 学习TODO
A1: 《数字逻辑基础与 Verilog 设计》 × HDLBits 学习 TODO
A2: 使用方法：完成“看懂书本知识点 + 对应 HDLBits 做完并订正”后，将状态改为「已完成」；总览会自动统计进度。
A5: 序号 | B5: 书本章节 | C5: 小节 / 知识点 | D5: 学习目标 | E5: HDLBits 分类 | F5: 对应题目 | G5: 相关性 | H5: 优先级 | I5: 验收标准 / 建议 | J5: 状态 | K5: 完成日期 | L5: 备注 | M5: 参考链接
A6: 1 | B6: 第2章 | C6: 2.1 变量与函数 | D6: 理解逻辑变量、0/1与逻辑函数 | E6: Verilog Language / Basics | F6: Simple wire；Four wires | G6: ★★★ | H6: 高 | I6: 看懂定义并能独立写最基本连线 | J6: 已完成 | M6: https://hdlbits.01xz.net/wiki/Problem_sets
A7: 2 | B7: 第2章 | C7: 2.2 反相 | D7: 掌握 NOT 运算与反相器 | E7: Basic Gates | F7: Inverter | G7: ★★★★★ | H7: 高 | I7: 能从表达式直接写 assign | J7: 已完成 | M7: https://hdlbits.01xz.net/wiki/Problem_sets
A8: 3 | B8: 第2章 | C8: 2.3 真值表 | D8: 会由真值表得到逻辑函数 | E8: Basic Gates / Combinational | F8: Truth tables；Two-bit equality | G8: ★★★★★ | H8: 高 | I8: 能自己列真值表并写出逻辑 | J8: 已完成 | M8: https://hdlbits.01xz.net/wiki/Problem_sets
A9: 4 | B9: 第2章 | C9: 2.4 逻辑门和网络 | D9: 掌握 AND/OR/XOR/NOR/XNOR 及组合网络 | E9: Basic Gates | F9: AND gate；NOR gate；XNOR gate；More logic gates；7420 chip | G9: ★★★★★ | H9: 高 | I9: 所有基本门题独立完成 | J9: 已完成 | M9: https://hdlbits.01xz.net/wiki/Problem_sets
A10: 5 | B10: 第2章 | C10: 2.5 布尔代数 | D10: 掌握恒等式、吸收律、分配律、德摩根 | E10: Basic Gates / Combinational | F10: Another gate；Two gates；Simple circuit A/B；Combine circuits A and B | G10: ★★★★★ | H10: 最高 | I10: 能手工化简并解释每一步 | J10: 已完成 | M10: https://hdlbits.01xz.net/wiki/Problem_sets
A11: 6 | B11: 第2章 | C11: 2.6 与/或/非门综合 | D11: 从文字需求得到表达式和电路 | E11: Combinational Logic | F11: Ring or vibrate?；Thermostat；Truth tables | G11: ★★★★★ | H11: 高 | I11: 需求→真值表→表达式→Verilog | J11: 未开始 | M11: https://hdlbits.01xz.net/wiki/Problem_sets
A12: 7 | B12: 第2章 | C12: 2.7 NAND/NOR 网络 | D12: 用 NAND/NOR 实现一般逻辑 | E12: Basic Gates | F12: NOR；7420 chip；NAND 类题 | G12: ★★★★ | H12: 中 | I12: 能用德摩根互换实现方式 | J12: 未开始 | M12: https://hdlbits.01xz.net/wiki/Problem_sets
A13: 8 | B13: 第2章 | C13: 2.8 设计实例 | D13: 综合使用组合逻辑设计流程 | E13: Combinational Logic | F13: Thermostat；Ring or vibrate?；3-bit population count | G13: ★★★★ | H13: 高 | I13: 不看答案完成完整设计流程 | J13: 未开始 | M13: https://hdlbits.01xz.net/wiki/Problem_sets
A14: 9 | B14: 第2章 | C14: 2.10 Verilog 简介 | D14: 掌握 module/assign/wire/always 基础 | E14: Verilog Language | F14: Simple wire；Inverter；AND gate；Declaring wires；Always blocks(combinational) | G14: ★★★★★ | H14: 最高 | I14: 能独立写简单组合模块 | J14: 未开始 | M14: https://hdlbits.01xz.net/wiki/Problem_sets
A15: 10 | B15: 第2章 | C15: 2.11 最简化与卡诺图 | D15: 掌握 3/4 变量 K-map 化简 | E15: Karnaugh Map to Circuit | F15: 3-variable；4-variable 系列；Karnaugh map | G15: ★★★★★ | H15: 最高 | I15: K-map 题全部独立完成 | J15: 未开始 | M15: https://hdlbits.01xz.net/wiki/Problem_sets
A16: 11 | B16: 第2章 | C16: 2.12 最小化策略 | D16: 比较不同化简形式 | E16: Karnaugh Map to Circuit | F16: Minimum SOP and POS；Karnaugh map | G16: ★★★★★ | H16: 高 | I16: 能判断最简 SOP/POS | J16: 未开始 | M16: https://hdlbits.01xz.net/wiki/Problem_sets
A17: 12 | B17: 第2章 | C17: 2.13 SOP/POS 最简式 | D17: 掌握与或式、或与式转换 | E17: Karnaugh Map to Circuit | F17: Minimum SOP and POS | G17: ★★★★★ | H17: 高 | I17: 能从真值表写 SOP/POS | J17: 未开始 | M17: https://hdlbits.01xz.net/wiki/Problem_sets
... A73: 68 | B73: 第11章 | C73: 测试/BIST | D73: 了解故障模型与可测试性 | E73: 扩展 | F73: HDLBits 基本不覆盖 | G73: ★ | H73: 低 | I73: 求职后期再补 | J73: 未开始 | M73: https://hdlbits.01xz.net/wiki/Problem_sets

Sheet 状态选项
A1: 状态选项 | B1: 说明 | C1: 参考资料 | D1: 链接
A2: 未开始 | B2: 尚未系统学习/做题 | C2: 《数字逻辑基础与Verilog设计（原书第3版）》目录 | D2: https://www.cmpedu.com/books/book/2054149.htm
A3: 进行中 | B3: 正在看书、做题或订正 | C3: HDLBits Problem Sets | D3: https://hdlbits.01xz.net/wiki/Problem_sets
A4: 已完成 | B4: 知识点看懂 + 对应 HDLBits 完成并订正 | C4: HDLBits Edgedetect | D4: https://hdlbits.01xz.net/wiki/Edgedetect
C5: HDLBits ECE241 2014 Q4 | D5: https://hdlbits.01xz.net/wiki/Exams/ece241_2014_q4
A7: 优先级说明 | B7: 最高=当前主线；高=核心；中=掌握；低=了解/后补
A8: 完成判定 | B8: 建议只有在“能脱离答案独立解释/实现”后标记已完成
